{
    "days": [
        [
            {
                "day": "Sunday",
                "lec": "0"
            }
        ],
        [
            {
                "day": "Monday",
                "lec": "5"
            },
            {
                "name": "DSA",
                "time": "10:00",
                "link": "https://iiitn.webex.com/iiitn/j.php?MTID=m8c42122b975cdef0f87a8c1cd8bc4711"
            },
            {
                "name": "CSO",
                "time": "11:00",
                "link": "https://iiitn.webex.com/iiitn/j.php?MTID=mf4fdc19a025b32349f8d47c7f99799a3"
            },
            {
                "name": "NMPT",
                "time": "14:00",
                "link": "https://iiitn.webex.com/iiitn/j.php?MTID=mb0f361f1955b61cb8f33be99c5e54574"
            },
            {
                "name": "MPI Lab",
                "time": "15:00",
                "link": "https://iiitn.webex.com/meet/vipin.kamble"
            },
            {
                "name": "Tutorial NMPT",
                "time": "16:00",
                "link": "https://iiitn.webex.com/iiitn/j.php?MTID=mb0f361f1955b61cb8f33be99c5e54574"
            }
        ],
        [
            {
                "day": "Tuesday",
                "lec": "5"
            },
            {
                "name": "OOP",
                "time": "9:00",
                "link": "https://iiitn.webex.com/iiitn/j.php?MTID=m122cbea6ffe3dd611196f178cb74cd32"
            },
            {
                "name": "CSO",
                "time": "11:00",
                "link": "https://iiitn.webex.com/iiitn/j.php?MTID=mf4fdc19a025b32349f8d47c7f99799a3"
            },
            {
                "name": "DSA",
                "time": "14:00",
                "link": "https://iiitn.webex.com/iiitn/j.php?MTID=m8c42122b975cdef0f87a8c1cd8bc4711"
            },
            {
                "name": "DSA Lab",
                "time": "15:00",
                "link": "https://iiitn.webex.com/iiitn/j.php?MTID=m8c42122b975cdef0f87a8c1cd8bc4711"
            },
            {
                "name": "OOP Lab",
                "time": "16:00",
                "link": "https://iiitn.webex.com/iiitn/j.php?MTID=m122cbea6ffe3dd611196f178cb74cd32"
            }
        ],
        [
            {
                "day": "Wednesday",
                "lec": "3"
            },
            {
                "name": "OOP",
                "time": "9:00",
                "link": "https://iiitn.webex.com/iiitn/j.php?MTID=m122cbea6ffe3dd611196f178cb74cd32"
            },
            {
                "name": "NMPT",
                "time": "12:00",
                "link": "https://iiitn.webex.com/iiitn/j.php?MTID=mb0f361f1955b61cb8f33be99c5e54574"
            },
            {
                "name": "MPI",
                "time": "14:00",
                "link": "https://iiitn.webex.com/iiitn/k2/e.php?MTID=t0072db030504d2d7b7b1233bdcc79a46"
            }
        ],
        [
            {
                "day": "Thursday",
                "lec": "3"
            },
            {
                "name": "MPI",
                "time": "9:00",
                "link": "https://iiitn.webex.com/iiitn/k2/e.php?MTID=tbc498dd302f9c4c10db86631c2cca1aa"
            },
            {
                "name": "DSA",
                "time": "12:00",
                "link": "https://iiitn.webex.com/iiitn/j.php?MTID=m8c42122b975cdef0f87a8c1cd8bc4711"
            },
            {
                "name": "ITW-1",
                "time": "16:00",
                "link": "https://iiitn.webex.com/iiitn/j.php?MTID=m3cf57bac5121189296ade90fa649df68"
            }
        ],
        [
            {
                "day": "Friday",
                "lec": "5"
            },
            {
                "name": "CSO",
                "time": "9:00",
                "link": "https://iiitn.webex.com/iiitn/j.php?MTID=mf4fdc19a025b32349f8d47c7f99799a3"
            },
            {
                "name": "MPI",
                "time": "11:00",
                "link": "https://iiitn.webex.com/iiitn/k2/e.php?MTID=t71282a3f67791e70187fa8a7834d6fd6"
            },
            {
                "name": "OOP",
                "time": "12:00",
                "link": "https://iiitn.webex.com/iiitn/j.php?MTID=m122cbea6ffe3dd611196f178cb74cd32"
            },
            {
                "name": "NMPT",
                "time": "14:00",
                "link": "https://iiitn.webex.com/iiitn/j.php?MTID=mb0f361f1955b61cb8f33be99c5e54574"
            },
            {
                "name": "ITW-1",
                "time": "16:00",
                "link": "https://iiitn.webex.com/iiitn/j.php?MTID=m3cf57bac5121189296ade90fa649df68"
            }
        ],
        [
            {
                "day": "Saturday",
                "lec": "0"
            }
        ]
    ]
}